area,delito
FAMILIA,"ACUERDO REGULADOR"
FAMILIA,"ACUERDO TRANSACCIONAL DE ASISTENCIA FAMILIAR"
FAMILIA,"ADOPCIÓN NACIONAL"
FAMILIA,"ASISTENCIA FAMILIAR"
FAMILIA,"ASISTENCIA FAMILIAR (A FAMILIARES EN AUSENCIA DEL PROGENITOR)"
FAMILIA,"AUTORIDAD PARENTAL, DERECHO DE VISITA, SUPERVISIÓN Y TUTELA"
FAMILIA,"CESACIÓN DE ASISTENCIA FAMILIAR"
FAMILIA,"CESACIÓN DE INTERDICCIÓN"
FAMILIA,"CESACIÓN DE LA SEPARACIÓN JUDICIAL DE BIENES"
FAMILIA,"CESACIÓN DE LA TUTELA"
FAMILIA,"CONSTITUCIÓN DE PATRIMONIO FAMILIAR"
FAMILIA,"CONVERSION DE GUARDA EN ADOPCIÓN"
FAMILIA,"DECLARACIÓN DE INTERDICCIÓN"
FAMILIA,"DECLARACIÓN JUDICIAL DE FILIACIÓN (MADRE O PADRE)"
FAMILIA,"DESARCHIVO Y LIQUIDACIÓN"
FAMILIA,"DEVOLUCIÓN DE ASISTENCIA FAMILIAR"
FAMILIA,"DIVISIÓN Y PARTICIÓN DE BIENES"
FAMILIA,"DIVORCIO CON ACUERDO REGULADOR"
FAMILIA,"DIVORCIO SIN ACUERDO REGULADOR"
FAMILIA,EMANCIPACIÓN
FAMILIA,"EXTINCIÓN DE PATRIMONIO FAMILIAR"
FAMILIA,FILIACIÓN
FAMILIA,"FILIACIÓN JUDICIAL (POR LA PERSONA MAYOR DE EDAD)"
FAMILIA,GUARDA
FAMILIA,"GUARDA COMPARTIDA"
FAMILIA,HOMOLOGACIÓN
FAMILIA,"IMPUGNACIÓN DE FILIACIÓN"
FAMILIA,"INCREMENTO DE ASISTENCIA FAMILIAR"
FAMILIA,LIQUIDACIÓN
FAMILIA,"MATRIMONIO DE HECHO"
FAMILIA,"MEMORIAL SUELTO"
FAMILIA,"NEGACIÓN DE MATERNIDAD O DE PATERNIDAD"
FAMILIA,"NOMBRAMIENTO DE TUTOR (A)"
FAMILIA,"NULIDAD DE LA UNIÓN LIBRE"
FAMILIA,"NULIDAD DEL MATRIMONIO"
FAMILIA,"OFRECIMIENTO DE ASISTENCIA FAMILIAR"
FAMILIA,"OPOSICIÓN AL MATRIMONIO"
FAMILIA,"PÉRDIDA Y REPOSICIÓN DEL EXPEDIENTE"
FAMILIA,"REAJUSTE DE ASISTENCIA FAMILIAR"
FAMILIA,"RECURSO DE APELACIÓN"
FAMILIA,"RECURSO DE CASACIÓN"
FAMILIA,"REDUCCIÓN O CESACIÓN DE ASISTENCIA FAMILIAR."
FAMILIA,"RÉGIMEN DE VISITA"
FAMILIA,"RENUNCIA DE LA AUTORIDAD MATERNA O PATERNA (CASO DE ADOPCIÓN)"
FAMILIA,"REVOCATORIA DE GUARDA"
FAMILIA,"SEPARACIÓN JUDICIAL DE BIENES"
FAMILIA,"SUSPENCIÓN, EXTINCIÓN O RESTITUCIÓN DE AUTORIDAD PATERNA O MATERNA"
FAMILIA,"TUTELA DE LOS INTERDICTOS"
LABORAL,AGUINALDO
LABORAL,"BENEFICIOS SOCIALES"
LABORAL,"BONOS, PRIMAS U OTROS SISTEMAS DE PARTICIPACIÓN EN LAS UTILIDADES DE LA EMPRESA"
LABORAL,"CÓMPUTO DE ANTIGUEDAD"
LABORAL,DESAHUCIO
LABORAL,"DESCANSOS REMUNERADOS Y FERIADOS"
LABORAL,DOMINICALES
LABORAL,"HORAS EXTRA"
LABORAL,INDEMNIZACIÓN
LABORAL,"JORNADA LABORAL"
LABORAL,"MATERNIDAD LABORAL"
LABORAL,QUINQUENIO
LABORAL,"RE INCORPORACIÓN"
LABORAL,"RECARGO NOCTURNO"
LABORAL,"SALARIOS MINIMOS GENERALES, SECTORIALES E INCREMENTOS SALARIALES."
CIVIL,ACCESIÓN
CIVIL,"ACCIÓN CONFESORIA"
CIVIL,"ACCIÓN DE REDUCCIÓN"
CIVIL,"ACCIÓN NEGATORIA"
CIVIL,"ACCIÓN OBLICUA"
CIVIL,"ACCIÓN PAULIANA"
CIVIL,"ACCIÓN REIVINDICATORIA"
CIVIL,"ACCIONES EN DEFENSA DE LA POSESIÓN"
CIVIL,"ACEPTACIÓN DE HERENCIA (DECLARATORIA DE HEREDEROS)"
CIVIL,"ACEPTACIÓN DE HERENCIA CON BENEFICIO DE INVENTARIO"
CIVIL,ANTICRESIS
CIVIL,"BENEFICIO DE SEPARACIÓN DE PATRIMONIOS"
CIVIL,"CESIÓN DE CONTRATO"
CIVIL,"CESIÓN DE CRÉDITO"
CIVIL,"CLÁUSULA PENAL Y ARRAS"
CIVIL,COLACIÓN
CIVIL,COMPENSACIÓN
CIVIL,CONDONACIÓN
CIVIL,CONFUSIÓN
CIVIL,"CONSTITUCIÓN DE ASOCIACIONES CIVILES"
CIVIL,"CONSTITUCIÓN DE FUNDACIONES"
CIVIL,"CONTRATO DE ARRENDAMIENTO"
CIVIL,"CONTRATO DE COMPRAVENTA"
CIVIL,"CONTRATO DE DEPÓSITO"
CIVIL,"CONTRATO DE DONACIÓN"
CIVIL,"CONTRATO DE FIANZA"
CIVIL,"CONTRATO DE MANDATO (PODER)"
CIVIL,"CONTRATO DE OBRA"
CIVIL,"CONTRATO DE PERMUTA"
CIVIL,"CONTRATO DE PRESTACIÓN DE SERVICIOS"
CIVIL,"CONTRATO DE PRÉSTAMO (COMODATO)"
CIVIL,"CONTRATO DE PRÉSTAMO (MUTUO)"
CIVIL,"CONTRATO DE SOCIEDAD CIVIL"
CIVIL,"CONTRATO DE TRANSACCIÓN"
CIVIL,"CONTRATOS EN GENERAL"
CIVIL,"CUMPLIMIENTO DE OBLIGACIÓN"
CIVIL,"DECLARACIÓN DE AUSENCIA Y MUERTE PRESUNTA"
CIVIL,"DELEGACIÓN, EXPROMISIÓN O RESPONSABILIDAD POR TERCERO"
CIVIL,"DERECHO A CONSTRUIR"
CIVIL,"DERECHO DE PROPIEDAD"
CIVIL,"DERECHO DE SUPERFICIE"
CIVIL,DESHEREDACIÓN
CIVIL,"DIVISIÓN DE HERENCIA"
CIVIL,"EFECTOS DEL CONTRATO"
CIVIL,"ENRIQUECIMIENTO ILEGÍTIMO"
CIVIL,"GESTIÓN DE NEGOCIOS AJENOS"
CIVIL,HIPOTECA
CIVIL,"IMPOSIBILIDAD DE EJECUTAR LA PRESTACIÓN"
CIVIL,"INCUMPLIMIENTO DE OBLIGACIÓN CONTRACTUAL"
CIVIL,INDIGNIDAD
CIVIL,"INTERPRETACIÓN DEL CONTRATO"
CIVIL,LEGADOS
CIVIL,"MEMORIAL SUELTO"
CIVIL,NOVACIÓN
CIVIL,"NULIDAD O ANULABILIDAD DEL CONTRATO"
CIVIL,"OBLIGACIÓN PECUNIARIA"
CIVIL,OCUPACIÓN
CIVIL,"OFERTA DE PAGO Y CONSIGNACIÓN"
CIVIL,"OTORGAMIENTO DE TESTAMENTO"
CIVIL,"PAGO CON SUBROGACIÓN"
CIVIL,"PAGO DE LO INDEBIDO"
CIVIL,POSESIÓN
CIVIL,PRENDA
CIVIL,"PRESCRIPCIÓN LIBERATORIA"
CIVIL,"PROPIEDAD HORIZONTAL"
CIVIL,"RÉGIMEN DE COPROPIEDAD"
CIVIL,"REGISTRO CIVIL"
CIVIL,"REGISTRO DE DERECHOS REALES"
CIVIL,"RELACIONES DE VECINDAD"
CIVIL,"RENUNCIA DE  HERENCIA"
CIVIL,"REQUISITOS DEL CONTRATO"
CIVIL,"RESARCIMIENTO POR HECHO ILÍCITO"
CIVIL,"RESCISIÓN DE CONTRATO"
CIVIL,"RESOLUCIÓN DE CONTRATO"
CIVIL,"SERVIDUMBRES FORZOSAS"
CIVIL,"SERVIDUMBRES VOLUNTARIAS"
CIVIL,"SIMULACIÓN DEL CONTRATO"
CIVIL,"SUCESIÓN DEL ESTADO"
CIVIL,"SUCESIÓN POR CAUSA DE MUERTE"
CIVIL,"SUCESIÓN TESTAMENTARIA"
CIVIL,USUCAPIÓN
CIVIL,"USUFRUCTO, USO O HABITACIÓN"
PENAL,"Abandono de cargo Art. 156."
PENAL,"Abandono de familia Art. 248."
PENAL,"Abandono de mujer embarazada Art. 250."
PENAL,"Abandono de niñas O niños Art. 278."
PENAL,"Abandono de personas incapaces Art. 280."
PENAL,"Abandono por causa de honor Art. 279."
PENAL,"Abogacía y mandato indebidos Art. 175."
PENAL,"Aborto Art. 263."
PENAL,"Aborto culposo Art. 268."
PENAL,"Aborto honoris causa Art. 265."
PENAL,"Aborto impune Art. 266."
PENAL,"Aborto preterintencional Art. 267."
PENAL,"Aborto seguido de lesión o muerte Art. 264."
PENAL,"Abuso de confianza Art. 346"
PENAL,"Abuso de firma en blanco Art. 336."
PENAL,"Abuso deshonesto Art. 312."
PENAL,"Acoso politico contra mujeres Art. 148 bis."
PENAL,"Acoso sexual Art. 312quater."
PENAL,"Actos dirigidos a impedir la defensa común Art. 209."
PENAL,"Actos hostiles Art. 114."
PENAL,"Actos obscenos Art. 323."
PENAL,"Actos sexuales abusivos Art. 312bis."
PENAL,"Acusación y denuncia falsa Art. 166."
PENAL,"Agio Art. 226."
PENAL,"Agravación Art. 310."
PENAL,"Agravación en caso de víctimas múltiples Art. 346 bis."
PENAL,"Agravación y atenuación Art. 272."
PENAL,"Agravación y atenuación Art. 349."
PENAL,"Allanamiento del domicilio o sus dependencias Art. 298."
PENAL,"Almacenaje peligroso Art. 141 Deciter."
PENAL,"Almacenaje, comercialización y compra ilegal de diesel oil, gasolinas y gas licuado de petróleo At. 226 bis."
PENAL,"Alteración de linderos Art. 352."
PENAL,"Alteración genética Art. 277 bis."
PENAL,"Alteración o substitución del estado civil Art. 244."
PENAL,"Alteración o supresión de marca Art. 141 Octer."
PENAL,"Alteración, acceso y uso indebido de datos informáticos Art. 363ter."
PENAL,"Alzamiento de bienes o falencia civil Art. 344."
PENAL,"Alzamientos armados contra la seguridad y soberanía del estado Art. 121."
PENAL,"Amenazas Art. 293."
PENAL,"Apología pública de un delito Art. 131."
PENAL,"Apropiación indebida Art. 345."
PENAL,"Apropiación o venta de prenda Art. 348."
PENAL,"Asesinato Art. 252."
PENAL,"Asociación delictuosa Art. 132."
PENAL,"Asociación delictuosa para la comisión de delitos Art. 132 ter."
PENAL,"Atentado contra bienes públicos Art. 141 Quinceter."
PENAL,"Atentado contra la seguridad de los servicios publicos Art. 214."
PENAL,"Atentado contra la seguridad de los transportes Art. 213."
PENAL,"Atentados contra el presidente y otros dignatarios de Estado Art. 128."
PENAL,"Atentados contra la libertad de enseñanza Art. 297."
PENAL,"Atentados contra la libertad de trabajo Art. 303."
PENAL,"Atentados contra miembros de organismos de Art. 141 Catorceter."
PENAL,"Atenuación Art. 316."
PENAL,"Atenuación por causa de honor Art. 245."
PENAL,"Atribuirse los derechos del pueblo Art. 124."
PENAL,"Autocalumnia Art. 168."
PENAL,"Autolesión Art. 275"
PENAL,"Avasallamiento en área minera Art. 232 Bis."
PENAL,"Beneficios en Razón del Cargo Art. 147."
PENAL,"Bigamia Art. 240."
PENAL,"Biocidio Art. 350 ter."
PENAL,"Calumnia Art. 283"
PENAL,"Causas de impunidad Art. 276."
PENAL,"Caza y pesca prohibidas Art. 356."
PENAL,"Cheque en descubierto Art. 204."
PENAL,"Circulación de moneda falsa recibida de buena fe Art. 187."
PENAL,"Coacción Art. 294."
PENAL,"Coacciones por patrón, empresario o empleado Art. 307."
PENAL,"Cohecho Activo Art. 158."
PENAL,"Cohecho Pasivo Art. 145."
PENAL,"Cohecho pasivo de la jueza, juez o fiscal Art. 173 bis."
PENAL,"Con mira matrimonial Art. 315."
PENAL,"Concesión de facultades extraordinarias Art. 122."
PENAL,"Concusión Art. 151."
PENAL,"Conducción peligrosa de vehículos Art. 210."
PENAL,"Conducta Antieconómica Art. 224."
PENAL,"Conducta culposa Art. 305"
PENAL,"Consorcio entre Responsables del Servicio de Justicia Art. 174."
PENAL,"Conspiración Art. 126."
PENAL,"Contagio de enfermedades de transmisión sexual o vih- Art. 277."
PENAL,"Contratos Lesivos Art. 221."
PENAL,"Contribuciones y ventajas ilegitimas Art. 228."
PENAL,"Contribuciones y ventajas ilegitimas de la servidora o servidor público At. 228bis."
PENAL,"Corrupción agravada Art. 319."
PENAL,"Corrupción de dependientes Art. 238."
PENAL,"Corrupción de mayores Art. 320."
PENAL,"Corrupción de niña, niño o adolescente Art. 318."
PENAL,"Daño calificado  Art. 358."
PENAL,"Daño simple Art. 357."
PENAL,"De tesoro, cosa perdida o tenida por error o caso fortuito Art. 347."
PENAL,"Defraudación con pretexto de remuneración a funcionarios públicos Art. 341."
PENAL,"Defraudación de servicios o alimentos Art. 340."
PENAL,"Delito por culpa Art. 116."
PENAL,"Delitos cometidos por extranjeros Art. 113."
PENAL,"Delitos contra Jefes de Estado extranjeros Art. 135."
PENAL,"Delitos contra la libetad de prensa Art. 296."
PENAL,"Delitos contra la propiedad intelectual Art. 362."
PENAL,"Delitos contra la salud pública Art. 216."
PENAL,"Delitos contra un Estado aliado Art. 120."
PENAL,"Delitos financieros. Art. 363quater."
PENAL,"Delitos previsionales Art. 345 bis."
PENAL,"Denegación de auxilio Art. 155."
PENAL,"Denegación de auxilio Art. 281."
PENAL,"Desacato (declarado inconstitucional) Art. 162."
PENAL,"Desaparición forzada de personas Art. 292 bis."
PENAL,"Desastre en medios de transporte Art. 212."
PENAL,"Desobediencia a la autoridad Art. 160"
PENAL,"Desobediencia a resoluciones en procesos de hábeas Art. 179 bis."
PENAL,"Desobediencia judicial Art. 179."
PENAL,"Desórdenes o perturbaciones püblicas Art. 134."
PENAL,"Despojo Art. 351."
PENAL,"Destrucción de cosas propias, para defraudar Art. 339."
PENAL,"Destrucción de productos Art. 227."
PENAL,"Destrucción o deterioro de bienes del Estado y la riqueza Art. 223."
PENAL,"Desvío de clientela Art. 237."
PENAL,"Difamación Art. 282."
PENAL,"Difusión e incitación al racismo o a la discriminación Art. 281 septies."
PENAL,"Discriminación Art. 281sexies."
PENAL,"Disposición común Art. 148."
PENAL,"Disposición comun Art. 179 ter."
PENAL,"Disposición común Art. 215."
PENAL,"Disposiciones comunes a los delitos de rebelión y sedición Art. 125."
PENAL,"Disposiciones comunes Art. 219."
PENAL,"Ejercicio ilegal de la medicina Art. 218."
PENAL,"Ejercicio indebido de profesión Art. 164."
PENAL,"Emisión ilegal Art. 189."
PENAL,"Encubrimiento Art. 171."
PENAL,"Engaño a personas incapacees Art. 342."
PENAL,"Engaño en productos industriales Art. 236"
PENAL,"Entrega indebida de persona Art. 140."
PENAL,"Equiparación de valores a la moneda Art. 188."
PENAL,"Espionaje Art. 111."
PENAL,"Estafa Art. 335"
PENAL,"Estelionato Art. 337."
PENAL,"Esterilización forzada Art. 271 bis."
PENAL,"Estupro Art. 309."
PENAL,"Evasión Art. 180."
PENAL,"Evasión de impuestos Art. 231."
PENAL,"Evasión por culpa Art. 182."
PENAL,"Exacción Art. 152."
PENAL,"Excepción de verdad Art. 286."
PENAL,"Exención de pena Art. 359."
PENAL,"Explotación ilegal de recursos minerales Art. 232 Ter."
PENAL,"Extorsión Art. 333."
PENAL,"Fabricación ilicita Art. 141 Ter."
PENAL,"Fabricación, comercio o tenencia de substancias explosivas, Art. 211."
PENAL,"Facilitación del contrabando en razón del cargo Art. 146 bis."
PENAL,"Falsedad ideológica Art. 199"
PENAL,"Falsedad ideológica en certificado médico Art. 201."
PENAL,"Falsedad material Art. 198."
PENAL,"Falsificación de billetes de empresas públicas de transporte Art. 194."
PENAL,"Falsificación de documento privado Art. 200."
PENAL,"Falsificación de entradas Art. 195."
PENAL,"Falsificación de moneda Art. 186."
PENAL,"Falsificación de sellos, papel sellado y timbres Art. 190."
PENAL,"Falsificación y aplicación indebida de marcas y contraseñas Art. 193."
PENAL,"Falso testimonio Art. 169."
PENAL,"Favorecimiento de la evasión Art. 181."
PENAL,"Feminicidio Art. 252Bis."
PENAL,"Formas culposas Art. 220."
PENAL,"Franquicias, liberaciones o privilegios ilegales Art. 230."
PENAL,"Fraude comercial Art. 235."
PENAL,"Fraude de seguro Art. 338."
PENAL,"Genocidio Art. 138."
PENAL,"Giro defectuoso de cheque Art. 205."
PENAL,"Homicidio Art. 251."
PENAL,"Homicidio culposo Art. 260."
PENAL,"Homicidio en prácticas deportivas Art. 255."
PENAL,"Homicidio en riña o a consecuencia de agresión Art. 259."
PENAL,"Homicidio piadoso Art. 257."
PENAL,"Homicidio por emoción violenta Art. 254."
PENAL,"Homicidio y lesiones graves y gravisimas en accidentes de tránsito Art. 261"
PENAL,"Homicidio- suicidio Art. 256."
PENAL,"Hurto o robo de armamento y munición de uso militar Art. 141 Septer."
PENAL,"Hurto o robo de armas Art. 141 Sexter."
PENAL,"Impedir o estorbar el ejercicio de funciones Art. 161."
PENAL,"Impresión fraudulenta de sello oficial Art. 191."
PENAL,"Incendio Art. 206."
PENAL,"Incumplimiento de Contratos Art. 222."
PENAL,"Incumplimiento de contratos de interés militar Art. 119."
PENAL,"Incumplimiento de Deberes Art. 154."
PENAL,"Incumplimiento de deberes de asistencia Art. 249."
PENAL,"Incumplimiento de deberes de protección a mujeres en situación de violencia Art. 154 Bis"
PENAL,"Incumplimiento y prolongación de sanción Art. 184"
PENAL,"Inducción a la fuga de una niña, niño, adolescente o jurídicamente incapaz Art. 247."
PENAL,"Infanticidio Art. 258."
PENAL,"Infidelidad en negocios del Estado Art. 117."
PENAL,"Infidencia Económica Art. 225."
PENAL,"Injuria Art. 287."
PENAL,"Instigación pública a delinquir Art. 130."
PENAL,"Instrucción de tiro ilegal Art. 141 Duoter."
PENAL,"Insultos y otras agresiones verbales por motivos racistas o discriminatorios Art. 281 nonies."
PENAL,"Interdicción de la prueba Art. 288."
PENAL,"Introduccion clandestina y posesión de medios de espionaje Art. 112."
PENAL,"Legitimación de ganancias ilícitas Art. 185 bis."
PENAL,"Lesión seguida de muerte Art. 273."
PENAL,"Lesiones culposas Art. 274."
PENAL,"Lesiones graves y leves Art. 271."
PENAL,"Lesiones gravísimas Art. 270."
PENAL,"Lock-out, huelgas y paros ilegales Art. 234."
PENAL,"Malversación Art. 144."
PENAL,"Manipulación informática Art. 363bis."
PENAL,"MEMORIAL SUELTO"
PENAL,"Monopolio de importación, producción o distribución de mercaderías Art. 233."
PENAL,"Monopolio de trabajo Art. 304."
PENAL,"Negociaciones Incompatibles Art. 150."
PENAL,"Negociaciones incompatibles con el ejercicio de.. Art. 150 bis."
PENAL,"Nombramientos llegales Art. 157."
PENAL,"Ofensa a la memoria de difuntos Art. 284"
PENAL,"Ofensas reciprocas Art. 290."
PENAL,"Omisión de declaración de bienes y rentas Art. 149."
PENAL,"Omisión de denuncia no Art. 178."
PENAL,"Omisión de socorro Art. 262."
PENAL,"Organización criminal Art. 132 bis."
PENAL,"Organizaciones O asociaciones racistas o discriminatorias Art. 281octies."
PENAL,"Ostentación pública Art. 141 Noveter."
PENAL,"Otros estragos Art. 207."
PENAL,"Otros matrimonios ilegales Art. 241."
PENAL,"Padecimientos sexuales Art. 312ter."
PENAL,"Parricidio Art. 253."
PENAL,"Patrocinio infiel Art. 176."
PENAL,"Peculado Art. 142."
PENAL,"Peculado culposo Art. 143."
PENAL,"Peligro de estrago Art. 208."
PENAL,"Perturbación de posesión Art. 353."
PENAL,"Pirateria Art. 139."
PENAL,"Por funcionario público Art. 299."
PENAL,"Pornografia de niñas, niños O adolescentes y de personas jurídicamente incapaces Art. 323 bis."
PENAL,"Pornografia y espectáculos obscenos con niños Art. 281quater."
PENAL,"Porte o portación ilicito en la prestación de servicios de seguridad y vigilancia Art. 141 Treceter."
PENAL,"Práctica habitual del aborto Art. 269."
PENAL,"Prevaricato de Juez o Fiscales Art. 173."
PENAL,"Privación de libertad Art. 292."
PENAL,"Propalación de ofensas Art. 285."
PENAL,"Proxenetismo Art. 321."
PENAL,"Publicaciones y espectáculos obscenos Art. 324."
PENAL,"Quebrantamiento de sanción Art. 183"
PENAL,"Quiebra Art. 343."
PENAL,"Racismo Art. 281quinquies"
PENAL,"Rapto impropio Art. 314."
PENAL,"Rapto propio Art. 313."
PENAL,"Recepción de buena fe Art. 192."
PENAL,"Recepción y entrega indebida Art. 185."
PENAL,"Receptación Art. 172."
PENAL,"Receptación proveniente de delitos de corrupción Art. 172 bis."
PENAL,"Receptación proveniente de delitos vinculados Art. 332ter."
PENAL,"Reducción a la esclavitud o estado análogo Art. 291."
PENAL,"Régimen administrativo de la legitimación de ganancias Art. 185 ter."
PENAL,"Reparación ilicita Art. 141 Onceter."
PENAL,"Resistencia a la autoridad Art. 159."
PENAL,"Resoluciones Contrarias a la Constitución y a las Leyes  Art. 153."
PENAL,"Responsabilidad del oficial del registro civil Art. 242."
PENAL,"Retardo de justicia Art. 177 bis."
PENAL,"Retardo de Justicia Art. 177."
PENAL,"Retractación Art. 289."
PENAL,"Revelación de secreto profesional Art. 302."
PENAL,"Revelación de secretos Art. 115."
PENAL,"Robo agravado Art. 332."
PENAL,"Robo agravado de minerales Art. 332 bis."
PENAL,"Robo Art. 331."
PENAL,"Robo de minerales Art. 331 bis."
PENAL,"Rufianería Art. 322."
PENAL,"Sabotaje Art. 118."
PENAL,"Sabotaje Art. 232."
PENAL,"Secuestro Art. 334."
PENAL,"Sedición Art. 123."
PENAL,"Seducción de tropas Art. 127."
PENAL,"Significación de términos empleados Art. 165."
PENAL,"Simulación de delito Art. 167"
PENAL,"Simulación de matrimonio Art. 243."
PENAL,"Soborno Art. 170."
PENAL,"Sociedades o Asociaciones Ficticias o Simuladas Art. 229."
PENAL,"Sometimiento totalo parcial de la nación a dominio extranjero Art 110."
PENAL,"Substitución de persona Art. 311."
PENAL,"Substracción de una niña, niño, adolescente o jurídicamente Art. 246."
PENAL,"Supresión o destrucción de documento Art. 202."
PENAL,"Sustracción De Utilidades De Actividades Económicas Familiares Art. 250 Quater."
PENAL,"Tenencia y porte o portación ilicíita Art. 141 Quinter."
PENAL,"Tenencia, porte o portación y uso de amas no Art. 141 Bis."
PENAL,"Tenencia, uso y fabricación de pesas y medidas falsas Art. 239."
PENAL,"TENTATIVA DE FEMINICIDIO"
PENAL,"Terrorismo Art. 133."
PENAL,"Tráfico de Influencias Art. 146 Ter."
PENAL,"Tráfico de migrantes Art. 281ter."
PENAL,"Tráfico de personas Art. 321bis."
PENAL,"Tráfico ilicíto de armas Art. 141 Quater."
PENAL,"Traición Art. 109."
PENAL,"Trata de seres humanos Art. 281bis."
PENAL,"Tratos crueles Art. 350 bis."
PENAL,"Ultraje a la bandera, el escudo o el himno de un Estado Art. 141."
PENAL,"Ultraje a los símbolos nacionales. Art. 129."
PENAL,"Uso de instrumento falsificado Art. 203."
PENAL,"Uso Indebido de Influencias Art. 146."
PENAL,"Usura agravada Art. 361."
PENAL,"Usura Art. 360."
PENAL,"Usurpación agravada Art. 355."
PENAL,"Usurpación de aguas Art. 354."
PENAL,"Usurpación de Funciones Art. 163."
PENAL,"Utiles para falsificar Art. 197."
PENAL,"Utilización de lo ya usado Art. 196."
PENAL,"Vejaciones y torturas Art. 295."
PENAL,"Venta o compra ilegal de recursos minerales Art. 232 Quater."
PENAL,"Violación Art. 308."
PENAL,"Violación de inmunidades Art. 136."
PENAL,"Violación de la correspondencia y papeles privados Art. 300."
PENAL,"Violación de la ley de estupefacientes Art. 217."
PENAL,"Violación de niño, niña o adolescente Art. 308bis."
PENAL,"Violación de privilegio de invención Art. 363."
PENAL,"Violación de secretos en correspondencia no destinada a la publicidad Art. 301."
PENAL,"Violación de tratados, treguas, armisticios o salvoconductos Art. 137."
PENAL,"Violación en estado de inconsciencia Art. 308ter."
PENAL,"Violencia  Familiar doméstica Art. 272bis"
PENAL,"Violencia Económica Art. 250 Bis"
PENAL,"Violencia Patrimonial Art. 250 Ter."
PENAL,"Violencia politica contra mujeres Art. 148 ter."
PENAL,"Violencias o amenazas, por obreros y empleados Art. 306."
